{
    "trial_number": 0,
    "value": 0.6941417455673218,
    "params": {
        "user_product_embed_size": 28,
        "als_iterations": 12,
        "als_regularization": 0.1640023401593402,
        "n_filters": 153,
        "filter_sizes": "large",
        "dropout": 0.25947653875839605,
        "blend_factor": 0.07048681235758592,
        "unfreeze_epoch": 0,
        "weight_decay": 4.071480374466033e-06,
        "learning_rate": 0.005903011267922381
    }
}